[
  {
    "title": "Névre szóló cumilánc – Maci",
    "product_url": "https://www.babypanda.hu/baba-ajandekok/cumilanc/nevre-szolo-babaajandekokcumilancokallatos/nevre-szolo-cumilanc-maci",
    "image_url": "https://happybabysss.myshoprenter.hu/custom/happybabysss/image/data/Cumilanc/1000018606.png",
    "price": null
  },
  {
    "title": "Névre szóló rágcsalánc – Róka (mályva)",
    "product_url": "https://www.babypanda.hu/baba-ajandekok/baba-ajandekokragcsalanc/nevre-szolo-babaajandekokragcsalancoklanyos/nevre-szolo-ragcsalanc-roka-malyva",
    "image_url": "https://happybabysss.myshoprenter.hu/custom/happybabysss/image/data/Cumilanc/ragcsalancok/1000025046.png",
    "price": null
  },
  {
    "title": "Emlékező doboz – közepes (unisex)",
    "product_url": "https://www.babypanda.hu/httpswwwbabypandahunevreszolo-babaajandek-csomagok/emlekorzo-doboz-kozepes-unisex",
    "image_url": "https://happybabysss.myshoprenter.hu/custom/happybabysss/image/data/Landighoz/image01.jpeg",
    "price": null
  },
  {
    "title": "Marokrágcsa – Róka (szürke)",
    "product_url": "https://www.babypanda.hu/baba-ajandekok/ragoka/marokragcsa-roka-szurke",
    "image_url": "https://happybabysss.myshoprenter.hu/custom/happybabysss/image/data/Cumilanc/Marokragcsa/image3.jpeg",
    "price": null
  }
]